"Date","RegionName","State","SizeRank","Zri","MoM","QoQ","YoY","ZriRecordCnt"
2019-03-31,"United States",,0,1474,0.00135869565217391,0.00958904109589041,0.0250347705146036,100222876
2019-03-31,"New York, NY","NY",1,2419,0,0.00456810631229236,0.0146812080536913,5001715
2019-03-31,"Los Angeles-Long Beach-Anaheim, CA","CA",2,2836,0.000352733686067019,0.0114122681883024,0.033904484141451,2951303
2019-03-31,"Chicago, IL","IL",3,1691,0.000591715976331361,0.0113636363636364,0.0323565323565324,3131938
2019-03-31,"Dallas-Fort Worth, TX","TX",4,1643,0.0012187690432663,0.0104551045510455,0.0294486215538847,1872400
2019-03-31,"Philadelphia, PA","PA",5,1608,0.00186915887850467,0.00941619585687382,0.0255102040816327,2024777
2019-03-31,"Houston, TX","TX",6,1584,0.000631711939355654,0.00763358778625954,0.0225952227243383,1764162
2019-03-31,"Washington, DC","DC",7,2173,0.000460405156537753,0.00741770978210477,0.0192307692307692,1886510
2019-03-31,"Miami-Fort Lauderdale, FL","FL",8,1923,0.00260688216892596,0.015311510031679,0.0305466237942122,2395818
2019-03-31,"Atlanta, GA","GA",9,1447,0.00277200277200277,0.014726507713885,0.0402588066139468,1841114
2019-03-31,"Boston, MA","MA",10,2395,0.00167294019238812,0.00419287211740042,0.0213219616204691,1484765
2019-03-31,"San Francisco, CA","CA",11,3450,0.000580046403712297,0.00495193708127003,0.0164997053624042,1233564
2019-03-31,"Detroit, MI","MI",12,1226,0.000816326530612245,0.00656814449917898,0.0233722871452421,1658624
2019-03-31,"Riverside, CA","CA",13,1988,0.00252143217347453,0.0189646335212711,0.0580095795635977,1189085
2019-03-31,"Phoenix, AZ","AZ",14,1446,0.00277392510402219,0.0248051027639972,0.0671586715867159,1462212
2019-03-31,"Seattle, WA","WA",15,2233,0.000448028673835125,0.00903750564844103,0.0219679633867277,1160162
2019-03-31,"Minneapolis-St Paul, MN","MN",16,1700,0.00176782557454331,0.0131108462455304,0.0416666666666667,1140875
2019-03-31,"San Diego, CA","CA",17,2647,0.00151343170639425,0.0157329240214889,0.0429472025216706,822213
2019-03-31,"St. Louis, MO","MO",18,1158,0.0025974025974026,0.00783289817232376,0.0184696569920844,1036656
2019-03-31,"Tampa, FL","FL",19,1442,0.00208478109798471,0.0176429075511644,0.0502549162418063,1079976
2019-03-31,"Baltimore, MD","MD",20,1753,0.00114220445459737,0.00343445907269605,0.0103746397694524,980943
2019-03-31,"Denver, CO","CO",21,2108,0.00190114068441065,0.00861244019138756,0.0323212536728697,874440
2019-03-31,"Pittsburgh, PA","PA",22,1102,0.00181818181818182,0.00547445255474453,0.039622641509434,862142
2019-03-31,"Portland, OR","OR",23,1870,0.00160685591858597,0.00700053850296177,0.0157523085279739,715791
2019-03-31,"Charlotte, NC","NC",24,1342,0.00224047796863331,0.0143613000755858,0.0386996904024768,864389
2019-03-31,"Sacramento, CA","CA",25,1915,0.00261780104712042,0.0159151193633952,0.040195545898968,655943
2019-03-31,"San Antonio, TX","TX",26,1368,0.00293255131964809,0.0125832716506292,0.0231862378459237,647839
2019-03-31,"Orlando, FL","FL",27,1531,0.00261951538965291,0.0233957219251337,0.064673157162726,765232
2019-03-31,"Cincinnati, OH","OH",28,1305,0.000766871165644172,0.00694444444444444,0.0235294117647059,700350
2019-03-31,"Cleveland, OH","OH",29,1165,0.00258175559380379,0.00953206239168111,0.021034180543383,726232
2019-03-31,"Kansas City, MO","MO",30,1295,0.00154679040989946,0.00699844479004666,0.0196850393700787,691453
2019-03-31,"Las Vegas, NV","NV",31,1396,0.00431654676258993,0.0279823269513991,0.0755007704160247,674387
2019-03-31,"Columbus, OH","OH",32,1363,0.00220588235294118,0.00962962962962963,0.0349278663629461,641399
2019-03-31,"Indianapolis, IN","IN",33,1235,0.000810372771474879,0.0106382978723404,0.0300250208507089,709299
2019-03-31,"San Jose, CA","CA",34,3553,0.00169157034113335,0.00480769230769231,0.0151428571428571,466524
2019-03-31,"Austin, TX","TX",35,1704,0.00235294117647059,0.00590318772136954,0.0173134328358209,536792
2019-03-31,"Virginia Beach, VA","VA",36,1447,0.000691562932226833,0.00836236933797909,0.0313613684960798,561953
2019-03-31,"Nashville, TN","TN",37,1518,0.00198019801980198,0.0072992700729927,0.0201612903225806,633800
2019-03-31,"Providence, RI","RI",38,1695,-0.000589622641509434,0.0029585798816568,0.0247883917775091,498744
2019-03-31,"Milwaukee, WI","WI",39,1337,-0.00223880597014925,0.00149812734082397,-0.00298284862043251,408596
2019-03-31,"Jacksonville, FL","FL",40,1395,0.0021551724137931,0.0152838427947598,0.0560181680545042,488372
2019-03-31,"Memphis, TN","TN",41,1122,0.000892060660124889,0.00808625336927224,0.0321987120515179,445221
2019-03-31,"Oklahoma City, OK","OK",42,1102,0.00272975432211101,0.00639269406392694,0.0100824931255729,472034
2019-03-31,"Louisville-Jefferson County, KY","KY",43,1196,0.000836820083682008,0.00335570469798658,0.010989010989011,552836
2019-03-31,"Hartford, CT","CT",44,1604,-0.000623052959501558,0.00312695434646654,0.00817096165933375,397876
2019-03-31,"Richmond, VA","VA",45,1428,0.000700770847932726,0.0106157112526539,0.0280777537796976,453166
2019-03-31,"New Orleans, LA","LA",46,1420,0.000704721634954193,0.017921146953405,0.0289855072463768,395739
2019-03-31,"Buffalo, NY","NY",47,1225,0.000816993464052288,0.00409836065573771,0.0285474391267842,361033
2019-03-31,"Raleigh, NC","NC",48,1460,0.00343642611683849,0.00828729281767956,0.0181311018131102,412011
2019-03-31,"Birmingham, AL","AL",49,1105,0.0036330608537693,0.0203139427516159,0.0523809523809524,410394
2019-03-31,"Salt Lake City, UT","UT",50,1616,0.000619195046439629,0.00748129675810474,0.0214917825537295,344134
2019-03-31,"Rochester, NY","NY",51,1412,0.00141843971631206,0.014367816091954,0.0299051787016776,329050
2019-03-31,"Grand Rapids, MI","MI",52,1368,0.000731528895391368,0.00736377025036819,0.0201342281879195,350652
2019-03-31,"Tucson, AZ","AZ",53,1245,0.0032232070910556,0.017988552739166,0.046218487394958,311717
2019-03-31,"Urban Honolulu, HI","HI",54,2402,0.000833333333333333,0.0075503355704698,0.0177966101694915,279827
2019-03-31,"Tulsa, OK","OK",55,1035,0.00193610842207164,0.0157016683022571,0.036036036036036,341781
2019-03-31,"Fresno, CA","CA",56,1363,0.00442151805453206,0.0103780578206079,0.0279034690799397,224914
2019-03-31,"Worcester, MA","MA",57,1641,0.00183150183150183,0.0148423005565863,0.0288401253918495,287016
2019-03-31,"Stamford, CT","CT",58,2276,0.00131984161900572,-0.00698080279232112,0.00618921308576481,295449
2019-03-31,"Albuquerque, NM","NM",59,1228,0.00163132137030995,0.00655737704918033,0.0258980785296575,298057
2019-03-31,"Albany, NY","NY",60,1535,-0.000651041666666667,-0.00518470511989631,-0.00389357560025957,261747
2019-03-31,"Omaha, NE","NE",61,1328,0.00302114803625378,0.0129672006102212,0.0246913580246914,448448
2019-03-31,"New Haven, CT","CT",62,1639,-0.0012187690432663,0.00428921568627451,0.025657071339174,272709
2019-03-31,"Bakersfield, CA","CA",63,1300,0.00154083204930663,0.00853374709076804,0.0333863275039746,214467
2019-03-31,"Knoxville, TN","TN",64,1164,0.00258397932816538,0.00954032957502168,0.0210526315789474,345690
2019-03-31,"Greenville, SC","SC",65,1240,0,0.000807102502017756,0.00486223662884927,275325
2019-03-31,"Ventura, CA","CA",66,2808,0.000712758374910905,0.00825852782764811,0.0281948004393995,221309
2019-03-31,"Allentown, PA","PA",67,1473,-0.00067842605156038,0.00614754098360656,0.0229166666666667,277425
2019-03-31,"El Paso, TX","TX",68,1000,0.001001001001001,0.00908173562058527,0.0121457489878542,211806
2019-03-31,"Baton Rouge, LA","LA",69,1317,0.00152091254752852,-0.0037821482602118,-0.0251665433012583,251338
2019-03-31,"Dayton, OH","OH",70,1007,0.00199004975124378,0.0254582484725051,0.0435233160621762,285659
2019-03-31,"McAllen, TX","TX",71,998,-0.001001001001001,0.0101214574898785,0.0288659793814433,184255
2019-03-31,"Columbia, SC","SC",72,1148,0.00262008733624454,0.0150309460654288,0.0398550724637681,274522
2019-03-31,"Greensboro, NC","NC",73,1053,-0.00284090909090909,0.0456802383316783,0.10609243697479,263071
2019-03-31,"Akron, OH","OH",74,1115,0.0045045045045045,0.0108794197642792,0.0210622710622711,246322
2019-03-31,"North Port-Sarasota-Bradenton, FL","FL",75,1809,0.00444197667962243,0.00667779632721202,0.00555864369093941,350398
2019-03-31,"Little Rock, AR","AR",76,1018,0.00394477317554241,0.00992063492063492,0.0200400801603206,244958
2019-03-31,"Stockton, CA","CA",77,1711,0.00351906158357771,0.0160332541567696,0.0394896719319563,174613
2019-03-31,"Charleston, SC","SC",78,1645,0.00182704019488429,0.0110633066994468,0.0300563556668754,247181
2019-03-31,"Syracuse, NY","NY",79,1340,-0.000745712155108128,0.0166919575113809,0.0460577673692428,198251
2019-03-31,"Colorado Springs, CO","CO",80,1561,0.00385852090032154,0.00970245795601552,0.0330906684315023,223584
2019-03-31,"Winston-Salem, NC","NC",81,1117,0.00179372197309417,0.0285451197053407,0.0792270531400966,242712
2019-03-31,"Wichita, KS","KS",82,964,0.00103842159916926,0.010482180293501,0.024442082890542,215209
2019-03-31,"Springfield, MA","MA",83,1633,0,0.010519801980198,0.0535483870967742,181740
2019-03-31,"Fort Myers, FL","FL",84,1643,0.0024405125076266,0.0110769230769231,0.018598884066956,339161
2019-03-31,"Boise City, ID","ID",85,1348,0.00372300819061802,0.0274390243902439,0.0689928628072958,207439
2019-03-31,"Toledo, OH","OH",86,976,-0.00102354145342886,-0.00610997963340122,-0.0151362260343088,213847
2019-03-31,"Madison, WI","WI",87,1471,0.00409556313993174,0.0172890733056708,0.0250871080139373,219543
2019-03-31,"Lakeland, FL","FL",88,1272,0.00394632991318074,0.0135458167330677,0.0358306188925081,190712
2019-03-31,"Ogden, UT","UT",89,1512,0.0033178500331785,0.0202429149797571,0.0543933054393305,184572
2019-03-31,"Daytona Beach, FL","FL",90,1431,0.00210084033613445,0.0141743444365698,0.0560885608856089,252443
2019-03-31,"Des Moines, IA","IA",91,1311,-0.00076219512195122,-0.00076219512195122,0.0154918667699458,209054
2019-03-31,"Jackson, MS","MS",92,1229,0.00244698205546493,0.000814332247557003,-0.000813008130081301,178839
2019-03-31,"Youngstown, OH","OH",93,827,0.00608272506082725,0.0247831474597274,0.0363408521303258,209568
2019-03-31,"Augusta, GA","GA",94,935,0.00214362272240086,-0.00319829424307036,-0.00637619553666312,230587
2019-03-31,"Scranton, PA","PA",95,970,-0.00102986611740474,0.00622406639004149,-0.0152284263959391,203582
2019-03-31,"Harrisburg, PA","PA",96,1300,0.000769822940723634,0.0069713400464756,0.0284810126582278,183262
2019-03-31,"Melbourne, FL","FL",97,1456,0.00413793103448276,0.0174703004891684,0.0414878397711016,237680
2019-03-31,"Chattanooga, TN","TN",98,1207,0.00332502078137988,0.00667222685571309,0.00919732441471572,200948
2019-03-31,"Spokane, WA","WA",99,1349,0.00222882615156018,0.0142857142857143,0.0425038639876352,176711
2019-03-31,"Provo, UT","UT",100,1494,0.000669792364367046,0.00335795836131632,0.0253946465339739,146766
2019-03-31,"Lancaster, PA","PA",101,1239,-0.000806451612903226,0.00731707317073171,0.0376884422110553,150978
2019-03-31,"Modesto, CA","CA",102,1555,0.00257898130238556,0.0270805812417437,0.0912280701754386,132015
2019-03-31,"Durham, NC","NC",103,1425,0.00352112676056338,0.0120738636363636,0.0229720028715004,160713
2019-03-31,"Santa Rosa, CA","CA",104,2806,-0.00177872643187478,-0.0178508925446272,0.00250089317613433,144828
2019-03-31,"Lexington, KY","KY",105,1201,0.00166805671392827,0.00502092050209205,0.0247440273037543,168483
2019-03-31,"Lafayette, LA","LA",106,1149,-0.00346921075455334,-0.00433275563258232,-0.0162671232876712,135889
2019-03-31,"Lansing, MI","MI",107,1197,-0.00581395348837209,0.000836120401337793,0.0213310580204778,144350
2019-03-31,"Fayetteville, AR","AR",108,1157,0.00346921075455334,0.00696257615317668,0.00696257615317668,149206
2019-03-31,"Pensacola, FL","FL",109,1213,0.00497100248550124,0.0184718723761545,0.0566202090592335,168719
2019-03-31,"Visalia, CA","CA",110,1229,0.00162999185004075,0.0131904369332234,0.0310402684563758,112449
2019-03-31,"Shreveport, LA","LA",111,1027,-0.00484496124031008,0.0118226600985222,0.0300902708124373,145917
2019-03-31,"Springfield, MO","MO",112,855,0.00352112676056338,0.0166468489892985,0.0264105642256903,125858
2019-03-31,"York, PA","PA",113,1303,0.000768049155145929,0.016380655226209,0.0349483717235902,146012
2019-03-31,"Corpus Christi, TX","TX",114,1375,0,-0.00145243282498184,0.0125184094256259,141856
2019-03-31,"Reno, NV","NV",115,1757,0.00228180262407302,0.0150202195262854,0.044589774078478,140232
2019-03-31,"Asheville, NC","NC",116,1436,0.00279329608938547,0.013408609738885,0.0338372930165587,160858
2019-03-31,"Port St. Lucie, FL","FL",117,1604,0.0025,0.0126262626262626,0.038860103626943,196688
2019-03-31,"Huntsville, AL","AL",118,1165,0.00604490500863558,0.0246262093227792,0.0658737419945105,133798
2019-03-31,"Fort Wayne, IN","IN",119,1106,0.00181159420289855,0.00545454545454545,0.00636942675159236,142214
2019-03-31,"Salinas, CA","CA",120,2613,0.00422751729438893,0.0219006648416113,0.0574666127074059,88758
2019-03-31,"Vallejo, CA","CA",121,2231,0.00314748201438849,0.0215201465201465,0.0598574821852732,124637
2019-03-31,"Mobile, AL","AL",122,959,0.00313807531380753,0.0126715945089757,0.0367567567567568,139698
2019-03-31,"Reading, PA","PA",123,1284,0.00390930414386239,0.0150197628458498,0.0329847144006436,115388
2019-03-31,"Brownsville, TX","TX",124,917,0.00218579234972678,-0.00434310532030402,-0.00864864864864865,129782
2019-03-31,"Killeen, TX","TX",125,1032,0,0.0117647058823529,0.0351053159478435,126666
2019-03-31,"Canton, OH","OH",126,949,0,0.00211193241816262,0.00743099787685775,143592
2019-03-31,"Beaumont, TX","TX",127,1199,-0.00166527893422148,-0.00249584026622296,0.00334728033472803,131630
2019-03-31,"Manchester, NH","NH",128,1845,-0.00108283703302653,0.0120680197476687,0.0447338618346546,150798
2019-03-31,"Salem, OR","OR",129,1553,0.00193548387096774,0.0117263843648208,0.0318936877076412,104478
2019-03-31,"Anchorage, AK","AK",130,1748,0.000572409845449342,0.0011454753722795,0.0098209127671866,108069
2019-03-31,"Davenport, IL","IL",131,963,0.00943396226415094,0.0168954593453009,-0.0163432073544433,141052
2019-03-31,"Myrtle Beach, SC","SC",132,1294,0,0.00700389105058366,0.0172955974842767,246080
2019-03-31,"Montgomery, AL","AL",133,941,0,0.00426894343649947,0.0107411385606874,147792
2019-03-31,"Salisbury, MD","DE",134,1339,0.00149588631264024,0.0167046317388003,0.0143939393939394,199843
2019-03-31,"Gulfport, MS","MS",135,1049,0.00191021967526266,0.0115718418514947,0.0553319919517103,121964
2019-03-31,"Tallahassee, FL","FL",136,1242,0.00485436893203883,0.0188679245283019,0.0402010050251256,103312
2019-03-31,"Trenton, NJ","NJ",137,1898,0.000527148128624143,0.00264131008980454,-0.0155601659751037,114870
2019-03-31,"Fayetteville, NC","NC",138,897,0.00111607142857143,0.00223463687150838,0.0170068027210884,116588
2019-03-31,"Hickory, NC","NC",139,1009,0,0.0171370967741935,0.0699893955461294,166277
2019-03-31,"Huntington, WV","WV",140,916,-0.00109051254089422,-0.0107991360691145,0.0338600451467269,118546
2019-03-31,"Eugene, OR","OR",141,1450,0.00207325501036628,0.0118632240055827,0.0364546104360257,94958
2019-03-31,"Rockford, IL","IL",142,1136,0.00442086648983201,0.0364963503649635,0.0636704119850187,114692
2019-03-31,"Savannah, GA","GA",143,1293,0.00154918667699458,0.00622568093385214,0.0221343873517787,126703
2019-03-31,"Ann Arbor, MI","MI",144,1837,0.00108991825613079,-0.0107700592353258,-0.0032555615843733,113909
2019-03-31,"Ocala, FL","FL",145,1178,0.00340715502555366,0.0155172413793103,0.0333333333333333,121341
2019-03-31,"Kalamazoo, MI","MI",146,1266,0.000790513833992095,0.0193236714975845,0.0541215653621982,121159
2019-03-31,"South Bend, IN","IN",147,1011,0.00297619047619048,0.0130260521042084,0.0520291363163371,127540
2019-03-31,"Spartanburg, SC","SC",148,1104,0.00272479564032698,0.00546448087431694,0.00821917808219178,103685
2019-03-31,"Evansville, IN","IN",149,998,0,0,0.00808080808080808,115917
2019-03-31,"Kingsport, TN","TN",150,1019,0.00295275590551181,0.0282542885973764,0.0440573770491803,113057
2019-03-31,"Roanoke, VA","VA",151,1184,-0.00336700336700337,0.00937766410912191,0.0395083406496927,130165
2019-03-31,"Lincoln, NE","NE",152,1309,0.00306513409961686,0.00769822940723634,0.0178849144634526,93729
2019-03-31,"Fort Collins, CO","CO",153,1756,0.00342857142857143,0.00745840504876649,0.0257009345794392,116298
2019-03-31,"Columbus, GA","GA",154,917,0.00109170305676856,0.0121412803532009,0.0291806958473625,91953
2019-03-31,"Boulder, CO","CO",155,2294,0.00087260034904014,0.0114638447971781,0.0408348457350272,107074
2019-03-31,"Lubbock, TX","TX",156,1152,0.00173913043478261,0.004359197907585,0.0203720106288751,87371
2019-03-31,"Erie, PA","PA",157,962,0.00838574423480084,0.0169133192389006,0.0223166843783209,83092
2019-03-31,"Fort Smith, AR","AR",158,849,0,-0.00235017626321974,0,78851
2019-03-31,"Duluth, MN","MN",159,1134,0.00353982300884956,0.00979519145146928,0.0125,117362
2019-03-31,"Atlantic City, NJ","NJ",160,1472,0.00546448087431694,0.0130763936682725,0.00683994528043776,112952
2019-03-31,"New London, CT","CT",161,1483,0,0.00202702702702703,-0.00736278447121821,94286
2019-03-31,"San Luis Obispo, CA","CA",162,2473,0.000809388911371914,0.00651200651200651,0.0036525974025974,87808
2019-03-31,"Gainesville, FL","FL",163,1354,0.00519673348181143,0.0249810749432248,0.0661417322834646,74546
2019-03-31,"Santa Cruz, CA","CA",164,3122,0.00128287363694676,0.0166069684141973,0.0413609072715143,64144
2019-03-31,"Clarksville, TN","TN",165,1017,0.0029585798816568,0.0210843373493976,0.0283114256825076,92007
2019-03-31,"Cedar Rapids, IA","IA",166,1111,0.003613369467028,0.00452079566003617,-0.00358744394618834,105961
2019-03-31,"Merced, CA","CA",167,1358,0.00295420974889217,0.0210526315789474,0.0676100628930818,60851
2019-03-31,"Wilmington, NC","NC",168,1438,0.00629811056682995,0.0420289855072464,0.0707371556217424,116874
2019-03-31,"Kennewick, WA","WA",169,1475,0.00271923861318831,0.0109664153529815,0.0235947258848022,76894
2019-03-31,"Greeley, CO","CO",170,1724,0.0029086678301338,0.0201183431952663,0.0570202329858982,92838
2019-03-31,"Waco, TX","TX",171,1199,-0.000833333333333333,0.0101095197978096,0.0508326029798422,74594
2019-03-31,"Olympia, WA","WA",172,1700,0.00176782557454331,0.0107015457788347,0.0532837670384139,91754
2019-03-31,"Amarillo, TX","TX",173,1168,0,-0.0101694915254237,-0.00680272108843537,79611
2019-03-31,"Binghamton, NY","NY",174,1170,-0.00255754475703325,-0.0151515151515152,-0.0201005025125628,73155
2019-03-31,"Hagerstown, WV","MD",175,1215,0.00164880461665293,0.00746268656716418,0.0184409052808047,89343
2019-03-31,"Bremerton, WA","WA",176,1816,0.00498063087991146,0.0236753100338219,0.0472895040369089,85614
2019-03-31,"Laredo, TX","TX",177,1151,0.000869565217391304,0.0140969162995595,0.0194862710363153,57292
2019-03-31,"Lynchburg, VA","VA",178,1145,-0.001743679163034,0.0105913503971756,0.0418562329390355,82954
2019-03-31,"Yakima, WA","WA",179,1185,0.00169061707523246,0.0189165950128977,0.0242005185825411,66377
2019-03-31,"Crestview-Fort Walton Beach-Destin, FL","FL",180,1547,0.005851755526658,0.0292747837658017,0.0389523169912693,127091
2019-03-31,"Topeka, KS","KS",181,966,0.0020746887966805,0.0168421052631579,0.0522875816993464,80288
2019-03-31,"Macon-Bibb County, GA","GA",182,994,0.00100704934541793,0,-0.00400801603206413,64129
2019-03-31,"Champaign-Urbana, IL","IL",183,1141,0.00087719298245614,0.00440140845070423,0.0178412132024978,72389
2019-03-31,"Tuscaloosa, AL","AL",184,1247,0.00160642570281125,0.00645682001614205,0.0314309346567411,102104
2019-03-31,"College Station, TX","TX",185,1399,0.0028673835125448,0.00719942404607631,0.0159767610748003,57073
2019-03-31,"Sioux Falls, SD","SD",186,1195,0.000837520938023451,0.0075885328836425,0.00589225589225589,62240
2019-03-31,"Charleston, WV","WV",187,841,-0.00591016548463357,-0.0198135198135198,-0.0232288037166086,111902
2019-03-31,"Chico, CA","CA",188,1510,0.00733822548365577,0.0258152173913043,0.0603932584269663,61222
2019-03-31,"Charlottesville, VA","VA",189,1547,0.00259235255994815,0.0238252812706817,0.0683701657458564,80929
2019-03-31,"Claremont, NH","NH",190,1507,0.00199468085106383,0.0210027100271003,0.0733618233618234,97326
2019-03-31,"Barnstable Town, MA","MA",191,1866,0.00592991913746631,0.0124796527400977,0.0163398692810458,151741
2019-03-31,"Longview, TX","TX",192,1201,0.000833333333333333,0.00418060200668896,0.0117944397641112,54816
2019-03-31,"Prescott, AZ","AZ",193,1567,0.00320102432778489,0.00642260757867694,0.0322793148880105,80094
2019-03-31,"Tyler, TX","TX",194,1233,-0.000810372771474879,0.0024390243902439,0.000811688311688312,61095
2019-03-31,"Las Cruces, NM","NM",195,1029,0.000972762645914397,-0.00387221684414327,0.0425531914893617,55570
2019-03-31,"Fargo, ND","ND",196,1334,0.00451807228915663,0.0167682926829268,0.0277349768875193,54494
2019-03-31,"Rochester, MN","MN",197,1383,0.00508720930232558,0.0259643916913947,0.0573394495412844,80046
2019-03-31,"Florence, SC","SC",198,999,0.00301204819277108,0.0235655737704918,0.0438871473354232,75024
2019-03-31,"Medford, OR","OR",199,1549,0.000645994832041344,0.00649772579597141,0.00519143413367943,51461
2019-03-31,"Lafayette-West Lafayette, IN","IN",200,1141,0.00087719298245614,0.00973451327433628,0.0196604110813226,57523
2019-03-31,"Bellingham, WA","WA",201,1747,0.00287026406429392,0.0517760385310054,0.104996837444655,72199
2019-03-31,"Lake Havasu City, AZ","AZ",202,1238,0.000808407437348424,0.00161812297734628,0.0325271059216013,73909
2019-03-31,"Johnson City, TN","TN",203,972,-0.00102774922918808,0.00829875518672199,0.0429184549356223,87536
2019-03-31,"Yuma, AZ","AZ",204,916,0.0043859649122807,0.011037527593819,0.0189098998887653,44455
2019-03-31,"Racine, WI","WI",205,1203,0.0050125313283208,0.0247018739352641,0.067435669920142,63488
2019-03-31,"Athens, GA","GA",206,1287,0.00468384074941452,0.0296,0.073394495412844,59605
2019-03-31,"Torrington, CT","CT",207,1562,-0.00255427841634738,-0.0138888888888889,0.0242622950819672,73603
2019-03-31,"St. Cloud, MN","MN",208,1310,-0.00228484386900229,0,0.0242376856919468,61961
2019-03-31,"Hilton Head Island, SC","SC",209,1799,0,0.0106741573033708,0.0368876080691643,92938
2019-03-31,"Hilo, HI","HI",210,1828,0.00274273176083379,0.0321852060982496,0.075927015891701,68125
2019-03-31,"Panama City, FL","FL",211,1457,0.0282286520818631,0.084077380952381,0.133852140077821,87392
2019-03-31,"Kingston, NY","NY",212,1721,-0.00231884057971014,0.00467016929363689,0.0237953599048186,58207
2019-03-31,"Daphne, AL","AL",213,1437,0.00139372822299652,0.0220483641536273,0.0636565507031828,90543
2019-03-31,"Gainesville, GA","GA",214,1378,0.00218181818181818,0.0214974054855448,0.0535168195718654,55669
2019-03-31,"Warner Robins, GA","GA",215,1030,0.00194552529182879,0.0187932739861523,0.0414560161779575,58562
2019-03-31,"Blacksburg, VA","VA",216,1170,-0.00085397096498719,0.0094909404659189,0.0272168568920105,51371
2019-03-31,"Jacksonville, NC","NC",217,927,0.00651465798045603,0.026578073089701,0.0522133938706016,62774
2019-03-31,"Redding, CA","CA",218,1438,0.00278940027894003,0.0300859598853868,0.0877458396369138,50968
2019-03-31,"Joplin, MO","MO",219,782,0,-0.00887198986058302,-0.0200501253132832,38968
2019-03-31,"El Centro, CA","CA",220,1173,-0.00424448217317487,0.0298507462686567,0.0289473684210526,35256
2019-03-31,"Terre Haute, IN","IN",221,756,0.00398406374501992,0.00531914893617021,0.0134048257372654,60036
2019-03-31,"East Stroudsburg, PA","PA",222,1305,0.0046189376443418,0.00694444444444444,0.00928074245939675,76361
2019-03-31,"Sioux City, IA","IA",223,1051,0.00382043935052531,0.00863723608445298,0.0135004821600771,54312
2019-03-31,"Greenville, NC","NC",224,1060,0.00283822138126774,0.0301263362487852,0.054726368159204,55493
2019-03-31,"Yuba City, CA","CA",225,1496,0.000668896321070234,0.016304347826087,0.043963712491277,43010
2019-03-31,"Abilene, TX","TX",226,1048,0.000955109837631328,0.0115830115830116,0.0469530469530469,50277
2019-03-31,"Columbia, MO","MO",227,1121,-0.00089126559714795,0.0035810205908684,-0.00266903914590747,48331
2019-03-31,"Dover, DE","DE",228,1289,0.00155400155400155,0.0197784810126582,0.0295527156549521,48995
2019-03-31,"Eau Claire, WI","WI",229,1121,0.000892857142857143,0.0350877192982456,0.0200181983621474,50264
2019-03-31,"Janesville, WI","WI",230,885,0.00454029511918275,0.0278745644599303,0.0350877192982456,64875
2019-03-31,"Jackson, MI","MI",231,941,-0.00633579725448786,-0.0599400599400599,-0.0208116545265349,62149
2019-03-31,"Punta Gorda, FL","FL",232,1723,-0.00115942028985507,0.00937316930287053,-0.00748847926267281,91354
2019-03-31,"Bloomington, IN","IN",233,1237,0.0032441200324412,0.0164338537387017,0.0316930775646372,55866
2019-03-31,"Pueblo, CO","CO",234,1132,0.00176991150442478,0.0107142857142857,-0.0017636684303351,56775
2019-03-31,"Billings, MT","MT",235,1265,0.00158353127474268,0.0087719298245614,0.012,54350
2019-03-31,"Bowling Green, KY","KY",236,1107,0.00271739130434783,0.0316868592730662,0.0562977099236641,40373
2019-03-31,"Bend, OR","OR",237,1746,0.00229621125143513,0.0168899242865463,0.0423880597014925,64943
2019-03-31,"Albany, GA","GA",238,940,0.00106496272630458,0.00427350427350427,0.00427350427350427,38516
2019-03-31,"Vineland, NJ","NJ",239,1237,-0.000807754442649435,-0.0190325138778747,-0.00642570281124498,44034
2019-03-31,"Ottawa, IL","IL",240,1035,-0.00384985563041386,0.000967117988394584,0.0370741482965932,58043
2019-03-31,"State College, PA","PA",241,1519,-0.000657894736842105,0.0174146014735432,0.0592747559274756,31628
2019-03-31,"Bangor, ME","ME",242,1177,0.00512382578992314,-0.0100925147182506,0.00426621160409556,52686
2019-03-31,"Alexandria, LA","LA",243,1103,-0.010762331838565,-0.0116487455197133,0.0175276752767528,37499
2019-03-31,"Decatur, AL","AL",244,842,0.00717703349282297,0.0120192307692308,0.01323706377858,56531
2019-03-31,"Hanford, CA","CA",245,1212,0.00497512437810945,0.02106149957877,0.0575916230366492,28701
2019-03-31,"Iowa City, IA","IA",246,1395,0.00143575017946877,-0.00782361308677098,-0.0162200282087447,53706
2019-03-31,"Wichita Falls, TX","TX",247,898,0.00447427293064877,0.00111482720178372,0,45143
2019-03-31,"Burlington, NC","NC",248,1053,0.00285714285714286,0.0364173228346457,0.0766871165644172,50404
2019-03-31,"Madera, CA","CA",249,1333,0.00150262960180316,0.0144596651445966,0.0698234349919743,38155
2019-03-31,"Jefferson City, MO","MO",250,934,-0.00213675213675214,-0.00213675213675214,0.00107181136120043,41839
2019-03-31,"Chambersburg, PA","PA",251,1133,-0.00264084507042254,-0.000881834215167548,-0.00439367311072056,43961
2019-03-31,"Texarkana, TX","TX",252,959,0,-0.0514342235410485,0.00208986415882968,37544
2019-03-31,"Elizabethtown, KY","KY",253,1034,0.00193798449612403,0.0127326150832517,0.00583657587548638,39831
2019-03-31,"Florence, AL","AL",254,889,0,0.0113765642775882,0.017162471395881,54376
2019-03-31,"Grand Junction, CO","CO",255,1299,0.00308880308880309,0.0293185419968304,0.0834028356964137,52923
2019-03-31,"Concord, NH","NH",256,1603,-0.00186799501867995,-0.00372902423865755,0.00564617314930991,54631
2019-03-31,"Dothan, AL","AL",257,908,0.00553709856035437,0.0022075055187638,0.0156599552572707,42547
2019-03-31,"Santa Fe, NM","NM",258,1896,0.000527704485488127,0.0321175830157866,0.0846681922196796,57335
2019-03-31,"Johnstown, PA","PA",259,678,0.00593471810089021,0.0210843373493976,-0.0145348837209302,46620
2019-03-31,"Traverse City, MI","MI",260,1350,-0.00735294117647059,0.00596125186289121,0.0465116279069767,88727
2019-03-31,"Hattiesburg, MS","MS",261,1147,0.00087260034904014,0.0168439716312057,0.0882352941176471,42753
2019-03-31,"Dalton, GA","GA",262,1092,-0.00636942675159236,-0.000914913083257091,0.0120481927710843,35917
2019-03-31,"Homosassa Springs, FL","FL",263,1196,-0.000835421888053467,-0.00166944908180301,0.00673400673400673,59812
2019-03-31,"Auburn, AL","AL",264,1224,0.0090684253915911,0.0115702479338843,-0.00406834825061025,38526
2019-03-31,"Valdosta, GA","GA",265,1007,0.00099403578528827,0.0182002022244692,0.0622362869198312,37292
2019-03-31,"Coeur d'Alene, ID","ID",266,1450,0.000690131124913734,0.0125698324022346,0.039426523297491,66675
2019-03-31,"Springfield, OH","OH",267,836,0.00119760479041916,0.0257668711656442,0.0515723270440252,48150
2019-03-31,"St. George, UT","UT",268,1491,0.00268997982515131,0.021932830705963,0.0404745289602233,57935
2019-03-31,"Vero Beach, FL","FL",269,1565,0.00513808606294155,0.0142579390797148,0.0289283366206443,69278
2019-03-31,"Napa, CA","CA",270,2958,-0.000675675675675676,0.00715015321756895,0.0441228379809389,32517
2019-03-31,"Tupelo, MS","MS",271,1094,0.00183150183150183,0.0036697247706422,0.0281954887218045,37395
2019-03-31,"Eureka, CA","CA",272,1548,0.00129366106080207,0.0292553191489362,0.120926864590876,30416
2019-03-31,"Rapid City, SD","SD",273,1310,-0.0007627765064836,0.0131477184841454,0.0323089046493302,32864
2019-03-31,"Lumberton, NC","NC",274,829,-0.00599520383693046,-0.00480192076830732,0.0298136645962733,17561
2019-03-31,"Wausau, WI","WI",275,1035,-0.00384985563041386,0.0187007874015748,0.00680933852140078,52249
2019-03-31,"Lebanon, PA","PA",276,1168,-0.00764655904842821,-0.00848896434634975,0.0227670753064799,39537
2019-03-31,"Idaho Falls, ID","ID",277,1158,0.00173010380622837,0.0184696569920844,0.0489130434782609,43447
2019-03-31,"Sierra Vista, AZ","AZ",278,917,0.00328227571115974,0.0326576576576577,0.0750293083235639,36313
2019-03-31,"Lawton, OK","OK",279,735,0.00136239782016349,0.00684931506849315,0.0396039603960396,41426
2019-03-31,"Farmington, NM","NM",280,1083,-0.00367985280588776,-0.0207956600361664,-0.0172413793103448,27248
2019-03-31,"Jackson, TN","TN",281,917,0.00109170305676856,0.00991189427312775,0.0245810055865922,55754
2019-03-31,"Morgantown, WV","WV",282,1138,-0.00524475524475524,-0.00698080279232112,0.0498154981549815,43363
2019-03-31,"Winchester, VA","VA",283,1382,0.000724112961622013,0.0117130307467057,0.0267459138187221,43490
2019-03-31,"New Bern, NC","NC",284,1049,0.00191021967526266,0.0184466019417476,0.0511022044088176,42200
2019-03-31,"Logan, ID","UT",285,1066,-0.00187265917602996,-0.0273722627737226,-0.0778546712802768,10910
2019-03-31,"Harrisonburg, VA","VA",286,1243,-0.00240770465489567,0.0281224152191894,0.0678694158075601,33491
2019-03-31,"Beckley, WV","WV",287,797,0,0.0152866242038217,0.00886075949367089,41179
2019-03-31,"Weirton, OH","OH",288,759,0.00529801324503311,-0.00913838120104439,-0.00393700787401575,45760
2019-03-31,"Goldsboro, NC","NC",289,985,-0.00101419878296146,0.0324947589098532,0.0968819599109131,13053
2019-03-31,"Hammond, LA","LA",290,1206,-0.00165562913907285,0.00836120401337793,0.0177215189873418,31440
2019-03-31,"Jonesboro, AR","AR",291,980,-0.00203665987780041,-0.0140845070422535,-0.00203665987780041,38263
2019-03-31,"Sherman, TX","TX",292,1310,0.00383141762452107,0.0471622701838529,0.147110332749562,42985
2019-03-31,"Anniston, AL","AL",293,771,-0.00258732212160414,0.0012987012987013,0.0335120643431635,45604
2019-03-31,"Staunton, VA","VA",294,1252,-0.000798084596967279,0.00562248995983936,0.0137651821862348,42345
2019-03-31,"Mount Vernon, WA","WA",295,1692,-0.00176991150442478,-0.00294637595757219,0.0235934664246824,51657
2019-03-31,"Albany, OR","OR",296,1414,0.0035486160397445,0.0092790863668808,0.0615615615615616,32586
2019-03-31,"Watertown, NY","NY",297,1198,-0.000834028356964137,0.00251046025104603,0.0169779286926995,28841
2019-03-31,"Williamsport, PA","PA",298,1054,-0.00566037735849057,0.0154142581888247,0.0755102040816327,34780
2019-03-31,"Cleveland, TN","TN",299,987,-0.00202224469160768,-0.00604229607250755,-0.0266272189349112,51225
2019-03-31,"Sheboygan, WI","WI",300,1082,-0.00824931255728689,-0.0073394495412844,-0.00824931255728689,37439
2019-03-31,"Owensboro, KY","KY",301,999,0,0.022517911975435,0.0526870389884089,35554
2019-03-31,"Dunn, NC","NC",302,1145,0,0.00792253521126761,0.0287511230907457,25134
2019-03-31,"Wooster, OH","OH",303,1045,-0.00665399239543726,-0.0439158279963403,-0.0873362445414847,32876
2019-03-31,"Morristown, TN","TN",304,1045,0,0.0185185185185185,0.0566228513650152,46534
2019-03-31,"Kankakee, IL","IL",305,1153,0.00786713286713287,0.0378037803780378,0.0212577502214349,35138
2019-03-31,"Brunswick, GA","GA",306,1387,0.00726216412490922,0.0296956198960653,0.0628352490421456,40376
2019-03-31,"San Angelo, TX","TX",307,1224,0.0016366612111293,0.00823723228995058,0.019150707743547,31242
2019-03-31,"Michigan City, IN","IN",308,905,0.00332594235033259,-0.0173724212812161,-0.0689300411522634,70969
2019-03-31,"Wenatchee, WA","WA",309,1634,0.0061576354679803,0.0302648171500631,0.0603504218040234,42787
2019-03-31,"Lawrence, KS","KS",310,1327,0.00150943396226415,0.0122044241037376,0.0091254752851711,28151
2019-03-31,"Decatur, IL","IL",311,967,0,0.012565445026178,0.00939457202505219,41449
2019-03-31,"Missoula, MT","MT",312,1402,0,-0.000712758374910905,0.0181554103122731,37831
2019-03-31,"Salem, OH","OH",313,845,-0.00937866354044549,-0.0116959064327485,-0.0208574739281576,34129
2019-03-31,"Lewiston, ME","ME",314,1285,-0.00772200772200772,-0.000777604976671851,0.0602310231023102,37280
2019-03-31,"Roseburg, OR","OR",315,1132,0.00354609929078014,0.0319051959890611,0.104390243902439,32715
2019-03-31,"Sumter, SC","SC",316,845,-0.00236127508854782,-0.0035377358490566,0.0205314009661836,50198
2019-03-31,"Meridian, MS","MS",317,900,0.00111234705228031,0.00783874580067189,0.0392609699769053,31228
2019-03-31,"Bluefield, WV","WV",318,851,-0.00117370892018779,-0.00117370892018779,0.0130952380952381,29840
2019-03-31,"Danville, VA","VA",319,907,-0.0022002200220022,0,-0.0183982683982684,37696
2019-03-31,"Lima, OH","OH",320,922,0.00765027322404372,0.0359550561797753,0.0963139120095125,34835
2019-03-31,"Cookeville, TN","TN",321,1037,0,0.0257171117705242,0.0790842872008325,43399
2019-03-31,"California-Lexington Park, MD","MD",322,1648,0,0.013530135301353,0.0287141073657928,46148
2019-03-31,"Gadsden, AL","AL",323,882,-0.00226244343891403,0.0103092783505155,0.0450236966824645,31888
2019-03-31,"Longview, WA","WA",324,1401,0.00286327845382963,0.0256222547584187,0.0455223880597015,32146
2019-03-31,"Ithaca, NY","NY",325,1611,0.00373831775700935,-0.0265861027190332,-0.0687861271676301,21052
2019-03-31,"Ashtabula, OH","OH",326,917,0.00438116100766703,0.0188888888888889,0.0291806958473625,34663
2019-03-31,"Gettysburg, PA","PA",327,1331,0.00150489089541008,0.0113981762917933,0.0374123148869836,59419
2019-03-31,"Pine Bluff, AR","AR",328,747,-0.00133689839572192,0,0.00268456375838926,22863
2019-03-31,"Tullahoma, TN","TN",329,1174,-0.00170068027210884,0.0103270223752151,0.0692167577413479,38307
2019-03-31,"Richmond, KY","KY",330,1024,-0.00485908649173955,-0.00194931773879142,0.00986193293885602,29773
2019-03-31,"Adrian, MI","MI",331,1049,-0.010377358490566,-0.0159474671669794,-0.0159474671669794,38637
2019-03-31,"Twin Falls, ID","ID",332,1083,0.000924214417744917,-0.021680216802168,-0.0424403183023873,29831
2019-03-31,"Corning, NY","NY",333,1259,-0.0102201257861635,-0.0262954369682908,-0.000793650793650794,27884
2019-03-31,"Sebring, FL","FL",334,1123,-0.00177777777777778,-0.0149122807017544,0.0495327102803738,40850
2019-03-31,"Truckee, CA","CA",335,2087,0.00529865125240848,0.0545730166750884,0.114850427350427,45066
2019-03-31,"Paducah, KY","KY",336,947,-0.00210748155953635,0,-0.00210748155953635,25506
2019-03-31,"Grand Forks, ND","ND",337,1158,-0.00856164383561644,-0.026890756302521,-0.0119453924914676,16498
2019-03-31,"Fairbanks, AK","AK",338,1674,-0.00416418798334325,0.00119617224880383,0.0102595051297526,20187
2019-03-31,"Mankato, MN","MN",339,1337,0.000748502994011976,0.0198321891685736,0.0420888542478566,24880
2019-03-31,"Cape Girardeau, MO","MO",340,938,0.00535905680600214,0.0319031903190319,0.046875,39758
2019-03-31,"Hot Springs, AR","AR",341,1051,-0.00849056603773585,-0.0454132606721163,-0.0514440433212996,33868
2019-03-31,"Greenwood, SC","SC",342,1006,-0.00297324083250743,0.004995004995005,0.0254841997961264,7254
2019-03-31,"Clarksburg, WV","WV",343,876,0.00343642611683849,0.0115473441108545,0.0318021201413428,28883
2019-03-31,"Talladega, AL","AL",344,992,-0.00501504513540622,0.00710659898477157,0.0216271884654995,24243
2019-03-31,"Dubuque, IA","IA",345,1107,0.00544959128065395,-0.0036003600360036,-0.0415584415584416,35303
2019-03-31,"Albertville, AL","AL",346,933,-0.00107066381156317,0.00647249190938511,0.0207877461706783,33951
2019-03-31,"Manhattan, KS","KS",347,1206,0.00166112956810631,-0.00165562913907285,-0.026634382566586,23850
2019-03-31,"Parkersburg, WV","WV",348,884,-0.00338218714768884,0.011441647597254,0.0449172576832151,32207
2019-03-31,"New Philadelphia, OH","OH",349,960,-0.00826446280991736,-0.00826446280991736,-0.0184049079754601,29986
2019-03-31,"Orangeburg, SC","SC",350,953,-0.00625651720542232,0.00421496311907271,0.0159914712153518,24423
2019-03-31,"Cheyenne, WY","WY",351,1148,0.015929203539823,-0.0328559393428812,-0.113513513513514,32248
2019-03-31,"Brainerd, MN","MN",352,1289,-0.00309358081979892,0.00546021840873635,0.0370072405470636,46205
2019-03-31,"Kalispell, MT","MT",353,1444,0.000693000693000693,0.00908455625436757,0.0547845142439737,24745
2019-03-31,"Ames, IA","IA",354,1216,-0.0065359477124183,-0.0201450443190975,-0.0440251572327044,30951
2019-03-31,"Bozeman, MT","MT",355,1702,0.00294637595757219,0,0.0161194029850746,28434
2019-03-31,"Moses Lake, WA","WA",356,1023,0.00688976377952756,0.0260782347041123,0.037525354969574,25882
2019-03-31,"Meadville, PA","PA",357,1015,-0.0164728682170543,-0.0230991337824832,-0.00782013685239492,23829
2019-03-31,"Hermiston-Pendleton, OR","OR",358,1331,-0.00745712155108128,0.012937595129376,0.0480314960629921,21180
2019-03-31,"Zanesville, OH","OH",359,926,-0.007502679528403,-0.00537056928034372,0.0357941834451902,29950
2019-03-31,"Corvallis, OR","OR",360,1862,0.00269251480883145,0.014161220043573,0.0402234636871508,25433
2019-03-31,"Bloomsburg, PA","PA",361,1133,-0.00874890638670166,-0.0156385751520417,-0.00176211453744493,24444
2019-03-31,"Russellville, AR","AR",362,891,-0.00223964165733483,0.00906002265005663,0.045774647887324,25420
2019-03-31,"Midland, MI","MI",363,1166,0.00171821305841924,0.0667886550777676,0.183756345177665,30326
2019-03-31,"Opelousas, LA","LA",364,1075,-0.0137614678899083,-0.0218380345768881,-0.0253853127833182,16309
2019-03-31,"Pocatello, ID","ID",365,950,0.0106382978723404,0.0182207931404073,-0.00210084033613445,23603
2019-03-31,"Kokomo, IN","IN",366,801,0.00250312891113892,-0.0111111111111111,-0.0349397590361446,32375
2019-03-31,"Grants Pass, OR","OR",367,1339,0.00299625468164794,0.00374812593703148,0.0355761794276876,14559
2019-03-31,"Huntsville, TX","TX",368,1280,0.000781860828772478,0.00156494522691706,0.0158730158730159,11874
2019-03-31,"Plattsburgh, NY","NY",369,1456,-0.00342231348391513,-0.0188679245283019,-0.014218009478673,21643
2019-03-31,"Grand Island, NE","NE",370,1133,-0.00176211453744493,-0.012205754141238,-0.00961538461538462,22669
2019-03-31,"DuBois, PA","PA",371,955,-0.00417101147028154,-0.00313152400835073,0.0138004246284501,31445
2019-03-31,"Great Falls, MT","MT",372,1228,0.000814995925020375,0.0157154673283706,0.0380388841927303,26581
2019-03-31,"Olean, NY","NY",373,1132,-0.0199134199134199,-0.046335299073294,-0.0374149659863946,25254
2019-03-31,"Auburn, NY","NY",374,1340,-0.0168745414526779,-0.0268700072621641,-0.00297619047619048,22578
2019-03-31,"Portsmouth, OH","OH",375,900,0.00334448160535117,0.0309278350515464,0.0600706713780919,17147
2019-03-31,"Oak Harbor, WA","WA",376,1674,0.00359712230215827,0.0102595051297526,0.0182481751824818,40041
2019-03-31,"Chillicothe, OH","OH",377,975,-0.0081383519837233,0,-0.00306748466257669,20032
2019-03-31,"Hinesville, GA","GA",378,1016,0.000985221674876847,-0.00684261974584555,-0.00489715964740451,18217
2019-03-31,"Stillwater, OK","OK",379,1165,-0.00342172797262618,-0.00851063829787234,0.00258175559380379,15423
2019-03-31,"Quincy, IL","IL",380,1066,-0.012962962962963,-0.0255941499085923,-0.0439461883408072,22956
2019-03-31,"Keene, NH","NH",381,1466,-0.00407608695652174,0.00205058099794942,0.038979447200567,22033
2019-03-31,"Sandusky, OH","OH",382,1107,-0.00895255147717099,-0.0018034265103697,-0.0027027027027027,30635
2019-03-31,"Searcy, AR","AR",383,908,-0.00656455142231947,0.00776914539400666,0.063231850117096,24227
2019-03-31,"Columbus, IN","IN",384,1182,0.00169491525423729,-0.00253164556962025,-0.0247524752475248,29610
2019-03-31,"Roanoke Rapids, NC","NC",385,881,0.00456100342075257,0.0268065268065268,0.0513126491646778,15699
2019-03-31,"Centralia, WA","WA",386,1279,0.00629425649095201,0.0518092105263158,0.11411149825784,24853
2019-03-31,"Helena, MT","MT",387,1294,-0.00154320987654321,0.00857365549493375,0.0410297666934835,15770
2019-03-31,"Palatka, FL","FL",388,1026,-0.00194552529182879,-0.0302457466918715,0.0384615384615385,17796
2019-03-31,"Mount Airy, NC","NC",389,1069,-0.00186741363211951,0.0298651252408478,0.106625258799172,13165
2019-03-31,"Key West, FL","FL",390,3397,0.000883912787271656,0.0152420800956366,0.0394736842105263,44733
2019-03-31,"Aberdeen, WA","WA",391,1033,0.00584225900681597,0.0288844621513944,0.0794148380355277,32134
2019-03-31,"Gallup, NM","NM",392,1066,0.0104265402843602,0.0269749518304432,0.04,3566
2019-03-31,"Port Angeles, WA","WA",393,1475,-0.00270453008789723,0.00135777325186694,0.018646408839779,29949
2019-03-31,"Greenfield Town, MA","MA",394,1815,-0.0125136017410228,0.00110314396028682,0.0324232081911263,25260
2019-03-31,"Muskogee, OK","OK",395,667,0,0.00300751879699248,0.0341085271317829,32568
2019-03-31,"Frankfort, KY","KY",396,1048,0.000955109837631328,0.0184645286686103,0.048,26418
2019-03-31,"Statesboro, GA","GA",397,1093,-0.00273722627737226,-0.00182648401826484,-0.00364630811303555,17462
2019-03-31,"Marion, IN","IN",398,787,-0.00756620428751576,-0.00126903553299492,0.0220779220779221,25976
2019-03-31,"Shawnee, OK","OK",399,812,0.00246913580246914,0.0124688279301746,0.0226700251889169,31003
2019-03-31,"North Wilkesboro, NC","NC",400,1118,-0.00445235975066785,0.0238095238095238,0.0587121212121212,18144
2019-03-31,"Richmond, IN","IN",401,818,-0.00365408038976857,0.00987654320987654,0.0174129353233831,27662
2019-03-31,"Greeneville, TN","TN",402,851,-0.00351288056206089,0.0480295566502463,0.146900269541779,41804
2019-03-31,"Martinsville, VA","VA",403,928,-0.00322234156820623,0.00979325353645267,0.0231532524807056,23906
2019-03-31,"Forest City, NC","NC",404,1011,0.00198216055500496,0.0253549695740365,0.0642105263157895,44402
2019-03-31,"Lake City, FL","FL",405,1223,-0.0032599837000815,0.0166251039068994,0.0607111882046834,14711
2019-03-31,"LaGrange, GA","GA",406,951,0.00848356309650053,0.0370774263904035,0.0709459459459459,22263
2019-03-31,"Marion, OH","OH",407,840,0.00719424460431655,0.0268948655256724,0.0421836228287841,24016
2019-03-31,"Morehead City, NC","NC",408,1334,0.00603318250377074,0.0446358653093187,0.105219552609776,39371
2019-03-31,"Klamath Falls, OR","OR",409,1147,0.00087260034904014,0.0195555555555556,0.0177462289263531,24335
2019-03-31,"Marshall, TX","TX",410,958,0,-0.00725388601036269,0.00948366701791359,21010
2019-03-31,"Charleston, IL","IL",411,1116,-0.0201931518876207,-0.0337662337662338,-0.0502127659574468,20874
2019-03-31,"Clearlake, CA","CA",412,1496,-0.00266666666666667,0.00402684563758389,0,22427
2019-03-31,"Hutchinson, KS","KS",413,769,-0.00259403372243839,-0.0216284987277354,-0.0265822784810127,22754
2019-03-31,"Faribault, MN","MN",414,1431,-0.00348189415041783,0.00703729767769177,0.0280172413793103,36763
2019-03-31,"Elizabeth City, NC","NC",415,1141,0,0.0133214920071048,0.0260791366906475,21491
2019-03-31,"Alamogordo, NM","NM",416,950,0.00316789862724393,0.0337323177366703,0.0626398210290828,14750
2019-03-31,"Red Bluff, CA","CA",417,1161,0.0078125,0.0202108963093146,0.012205754141238,12642
2019-03-31,"Hudson, NY","NY",418,1614,0.00875,0,0.0466926070038911,21797
2019-03-31,"Coos Bay, OR","OR",419,1316,0,0.0053475935828877,0.0477707006369427,22374
2019-03-31,"Walla Walla, WA","WA",420,1295,0.00154679040989946,-0.00307929176289453,0.00465477114041893,16432
2019-03-31,"Oneonta, NY","NY",421,1238,0.00487012987012987,0.0342522974101921,0.0231404958677686,18794
2019-03-31,"Baraboo, WI","WI",422,1140,-0.00783289817232376,0.00440528634361234,0.0106382978723404,22430
2019-03-31,"Marietta, OH","OH",423,1036,0.000966183574879227,0.00290416263310745,0.0227048371174729,15412
2019-03-31,"Salina, KS","KS",424,842,0.00357568533969011,0,0,22130
2019-03-31,"Big Stone Gap, VA","VA",425,991,0.00202224469160768,0.0112244897959184,-0.009,6866
2019-03-31,"Sturgis, MI","MI",426,996,-0.004,-0.0206489675516224,-0.0109235352532274,23114
2019-03-31,"Fremont, OH","OH",427,1022,0.00392927308447937,0.023023023023023,0.0386178861788618,18211
2019-03-31,"Mount Vernon, OH","OH",428,1078,-0.00185185185185185,-0.00553505535055351,-0.00461680517082179,16935
2019-03-31,"Lewiston, ID","ID",429,1290,0.000775795190069822,-0.00154798761609907,0.0197628458498024,20979
2019-03-31,"Shelton, WA","WA",430,1419,-0.00140745953553835,-0.0138985406532314,0.0387994143484627,23484
2019-03-31,"Albemarle, NC","NC",431,1122,-0.00355239786856128,0.0218579234972678,0.0655270655270655,21530
2019-03-31,"Enid, OK","OK",432,948,0.00317460317460317,0.0171673819742489,0.0128205128205128,17661
2019-03-31,"Jefferson, GA","GA",433,1356,0.0029585798816568,0.00967982129560685,0.0390804597701149,21213
2019-03-31,"Georgetown, SC","SC",434,1633,-0.00305250305250305,0.0488118175979448,0.170609318996416,27300
2019-03-31,"Laconia, NH","NH",435,1438,-0.00415512465373961,-0.0217687074829932,0.0885692657077971,35387
2019-03-31,"Batavia, NY","NY",436,1362,0.00368459837877671,0.000734753857457751,0.0248306997742664,16695
2019-03-31,"Oxford, NC","NC",437,1204,0.00249791840133222,0.0160337552742616,0.0478677110530896,16387
2019-03-31,"Columbus, MS","MS",438,1078,-0.00369685767097967,0.00185873605947955,0.0415458937198068,15407
2019-03-31,"Kinston, NC","NC",439,906,-0.0087527352297593,0.0111607142857143,0.0671378091872792,11576
2019-03-31,"Sterling, IL","IL",440,1084,-0.00823421774931381,0,0.0353390639923591,21962
2019-03-31,"Palestine, TX","TX",441,1125,-0.015748031496063,-0.0122914837576822,-0.00706090026478376,9302
2019-03-31,"Dublin, GA","GA",442,967,0.00311203319502075,0.0146904512067156,0.0232804232804233,14919
2019-03-31,"Vicksburg, MS","MS",443,1138,-0.00175438596491228,0.0169794459338695,0.0478821362799263,13639
2019-03-31,"Sanford, NC","NC",444,1004,0.00500500500500501,0.0276356192425793,0.0535152151101784,21810
2019-03-31,"Fergus Falls, MN","MN",445,1278,-0.0161662817551963,-0.0138888888888889,0.00313971742543171,30520
2019-03-31,"Tiffin, OH","OH",446,949,0.00423280423280423,0.0160599571734475,0.0315217391304348,18164
2019-03-31,"Fairmont, WV","WV",447,882,-0.00338983050847458,-0.00898876404494382,0.024390243902439,20416
2019-03-31,"Crossville, TN","TN",448,1132,-0.00962379702537183,-0.0291595197255575,-0.00614574187884109,23444
2019-03-31,"Picayune, MS","MS",449,1143,-0.00174672489082969,-0.003487358326068,0.00263157894736842,10237
2019-03-31,"Gloversville, NY","NY",450,1351,-0.0131482834185537,-0.0195936139332366,-0.00953079178885631,18279
2019-03-31,"Sonora, CA","CA",451,1460,0.00343642611683849,0.0110803324099723,0.0188415910676902,21388
2019-03-31,"Carson City, NV","NV",452,1558,0.00516129032258065,0.0428380187416332,0.113652609006433,14942
2019-03-31,"Calhoun, GA","GA",453,1141,0.00175592625109745,0.0106288751107174,0.0391621129326047,16853
2019-03-31,"Milledgeville, GA","GA",454,1073,-0.00740055504162812,0.00374181478016838,0.0447906523855891,11755
2019-03-31,"Waycross, GA","GA",455,962,0.00417536534446764,0.0212314225053079,0.04,13090
2019-03-31,"Morgan City, LA","LA",456,1067,-0.0202020202020202,-0.0156826568265683,0.01329534662868,11684
2019-03-31,"Eagle Pass, TX","TX",457,1133,-0.00526777875329236,0.00088339222614841,0.0152329749103943,11838
2019-03-31,"Ontario, OR","OR",458,1230,-0.0104585679806919,-0.0024330900243309,0.0327455919395466,14736
2019-03-31,"Carlsbad, NM","NM",459,1153,0.0276292335115865,0.0331541218637993,0.0114035087719298,14576
2019-03-31,"Payson, AZ","AZ",460,1321,0.00227617602427921,0.0185042405551272,0.0601926163723917,20279
2019-03-31,"McComb, MS","MS",461,943,-0.00317124735729387,0.00319148936170213,0.0655367231638418,9756
2019-03-31,"Rochelle, IL","IL",462,1254,-0.0125984251968504,-0.0149253731343284,-0.00791139240506329,18186
2019-03-31,"Scottsboro, AL","AL",463,888,0.00338983050847458,0.00794551645856981,0.0301624129930394,9347
2019-03-31,"Danville, KY","KY",464,927,0.00324675324675325,0.0311457174638487,0.0439189189189189,14596
2019-03-31,"Greenville, OH","OH",465,1005,0.005,0.0276073619631902,0.0490605427974948,15633
2019-03-31,"Warrensburg, MO","MO",466,976,0.00618556701030928,-0.0336633663366337,-0.0704761904761905,13335
2019-03-31,"Fort Leonard Wood, MO","MO",467,892,-0.00111982082866741,0.00224719101123596,0.0056369785794814,10274
2019-03-31,"Glasgow, KY","KY",468,935,-0.00425985090521832,0.016304347826087,0.0388888888888889,13629
2019-03-31,"Athens, TN","TN",469,1040,0.00192678227360308,0.0473313192346425,0.160714285714286,18368
2019-03-31,"Edwards, CO","CO",470,3790,0.000263921879123779,-0.0101854270044398,0.0210129310344828,29010
2019-03-31,"Fernley, NV","NV",471,1474,0.00408719346049046,0.0172532781228433,0.043170559094126,15063
2019-03-31,"Platteville, WI","WI",472,1088,-0.0109090909090909,0.00461680517082179,0.0215962441314554,12370
2019-03-31,"Boone, NC","NC",473,1372,0.00292397660818713,0.00145985401459854,0.023117076808352,26096
2019-03-31,"Bartlesville, OK","OK",474,929,0.00323974082073434,0.0287929125138427,0.0379888268156425,22160
2019-03-31,"Jacksonville, TX","TX",475,1164,-0.00427715996578272,0.00605012964563526,0.0228471001757469,8628
2019-03-31,"Elko, NV","NV",476,1427,0.0028109627547435,0.0229390681003584,0.057037037037037,9196
2019-03-31,"Rexburg, ID","ID",477,1203,-0.00248756218905473,0.0238297872340426,0.0818345323741007,15333
2019-03-31,"St. Marys, GA","GA",478,1145,0.00174978127734033,0.0043859649122807,0.0150709219858156,16250
2019-03-31,"Ozark, AL","AL",479,855,0.00117096018735363,0.00706713780918728,0.0106382978723404,14632
2019-03-31,"Amsterdam, NY","NY",480,1301,-0.0225394440270473,-0.0240060015003751,0.0100931677018634,14347
2019-03-31,"Enterprise, AL","AL",481,900,0.00111234705228031,0.0146561443066516,0.00896860986547085,21777
2019-03-31,"Kerrville, TX","TX",482,1449,-0.00206611570247934,-0.00956937799043062,-0.0182926829268293,12506
2019-03-31,"New Castle, IN","IN",483,809,0,0.00496894409937888,0.00123762376237624,18347
2019-03-31,"Sidney, OH","OH",484,1079,0.00372093023255814,0.0160075329566855,0.0131455399061033,13388
2019-03-31,"Cortland, NY","NY",485,1358,-0.00803506208911614,-0.0180766449746927,0.0256797583081571,12233
2019-03-31,"Clinton, IA","IA",486,941,-0.00633579725448786,-0.00633579725448786,0.0228260869565217,18437
2019-03-31,"Del Rio, TX","TX",487,1194,-0.00333889816360601,-0.0156636438582028,0.0187713310580205,10273
2019-03-31,"Washington, NC","NC",488,1115,0.0045045045045045,0.0489181561618062,0.120603015075377,5865
2019-03-31,"Burlington, IA","IA",489,901,-0.00221483942414175,-0.0153005464480874,-0.040468583599574,16560
2019-03-31,"Cadillac, MI","MI",490,949,0,0,0.0532741398446171,20762
2019-03-31,"Ardmore, OK","OK",491,832,0.00726392251815981,-0.00478468899521531,-0.0336817653890825,20486
2019-03-31,"Kendallville, IN","IN",492,1034,-0.00289296046287367,0.00388349514563107,0.00193798449612403,14722
2019-03-31,"Nogales, AZ","AZ",493,1192,-0.0016750418760469,0.0161977834612106,0.0700179533213645,13554
2019-03-31,"Oxford, MS","MS",494,1355,0.0022189349112426,-0.0159767610748003,-0.0464461646727657,13590
2019-03-31,"Plymouth, IN","IN",495,1085,0,-0.00275735294117647,-0.0251572327044025,15267
2019-03-31,"Gardnerville Ranchos, NV","NV",496,1896,0,0.0199031737493276,0.0953206239168111,20558
2019-03-31,"Tahlequah, OK","OK",497,850,0.00472813238770686,-0.00117508813160987,-0.0263459335624284,15484
2019-03-31,"Caon City, CO","CO",498,1252,-0.00397772474144789,0.0121261115602264,0.0512174643157011,15749
2019-03-31,"Ruston, LA","LA",499,1214,0.00330578512396694,0.0066334991708126,-0.0193861066235864,8591
2019-03-31,"Lewistown, PA","PA",500,1017,0.000984251968503937,0.0231388329979879,0.0473738414006179,10501
2019-03-31,"Rockingham, NC","NC",501,901,0.0100896860986547,0.0308924485125858,0.0650118203309693,3335
2019-03-31,"Blytheville, AR","AR",502,808,-0.00246913580246914,-0.0158343483556638,0.00372670807453416,8591
2019-03-31,"Red Wing, MN","MN",503,1410,-0.0119131044148563,-0.00070871722182849,0.053024645257655,17051
2019-03-31,"Cedar City, UT","UT",504,1158,0.00173010380622837,-0.0127877237851662,0.0822429906542056,12192
2019-03-31,"Bedford, IN","IN",505,854,0.00588928150765607,0.00826446280991736,0.0154577883472057,16700
2019-03-31,"Newport, OR","OR",506,1467,0,0.00755494505494505,0.0273109243697479,23318
2019-03-31,"Bellefontaine, OH","OH",507,1022,0.00196078431372549,0.0148957298907646,0.00988142292490119,17364
2019-03-31,"McAlester, OK","OK",508,849,0,-0.00117647058823529,0.00354609929078014,15423
2019-03-31,"Blackfoot, ID","ID",509,1076,-0.0155535224153705,0.00749063670411985,0.0396135265700483,13133
2019-03-31,"Henderson, NC","NC",510,979,-0.0101112234580384,0.00927835051546392,0.0652883569096844,7065
2019-03-31,"Coldwater, MI","MI",511,959,-0.00518672199170124,-0.0254065040650406,0.00104384133611691,17861
2019-03-31,"Rolla, MO","MO",512,819,0.00122249388753056,0.043312101910828,0.106756756756757,15708
2019-03-31,"Shelbyville, TN","TN",513,1223,-0.00244698205546493,0.00493015612161052,0.0268681780016793,15107
2019-03-31,"Duncan, OK","OK",514,725,-0.00137741046831956,-0.014945652173913,-0.00820793433652531,18299
2019-03-31,"Pullman, WA","WA",515,1416,-0.00351864883884588,0.0150537634408602,0.0582959641255605,8785
2019-03-31,"Bemidji, MN","MN",516,1307,0.00461183704842429,0.0171206225680934,0.0464371497197758,12056
2019-03-31,"Pahrump, NV","NV",517,1347,0.00223214285714286,0.0258948971820259,0.0960130187144019,9739
2019-03-31,"Menomonie, WI","WI",518,1259,-0.00709779179810726,-0.0315384615384615,0.0891003460207613,13876
2019-03-31,"Bucyrus, OH","OH",519,810,0.0062111801242236,0.0137672090112641,0.0201511335012594,15891
2019-03-31,"Bradford, PA","PA",520,928,0.00107874865156419,0.0220264317180617,0.0391937290033595,13354
2019-03-31,"Bardstown, KY","KY",521,1043,0.00384985563041386,0.0296150049358342,0.0225490196078431,15112
2019-03-31,"Cornelia, GA","GA",522,1208,0.0024896265560166,0.023728813559322,0.0690265486725664,21416
2019-03-31,"Muscatine, IA","IA",523,1132,-0.00962379702537183,0,0.0089126559714795,12484
2019-03-31,"Alma, MI","MI",524,866,-0.00345224395857307,0.00932400932400932,0.0509708737864078,13249
2019-03-31,"Durant, OK","OK",525,935,0.00107066381156317,0,-0.00425985090521832,11201
2019-03-31,"Seymour, IN","IN",526,965,0.00311850311850312,-0.00720164609053498,-0.0183112919633774,13868
2019-03-31,"Willmar, MN","MN",527,1238,-0.0024174053182917,-0.00642054574638844,0.0197693574958814,14223
2019-03-31,"Auburn, IN","IN",528,1050,-0.00379506641366224,-0.00379506641366224,-0.0140845070422535,11475
2019-03-31,"Paragould, AR","AR",529,877,-0.00227531285551763,-0.0112739571589628,-0.015712682379349,13957
2019-03-31,"Warren, PA","PA",530,983,-0.00203045685279188,0.00924024640657084,0.0402116402116402,12244
2019-03-31,"Mountain Home, AR","AR",531,972,-0.00307692307692308,-0.0121951219512195,-0.00511770726714432,14750
2019-03-31,"Cedartown, GA","GA",532,1062,0.0123927550047664,0.0452755905511811,0.100518134715026,14670
2019-03-31,"Port Clinton, OH","OH",533,1157,0.00346921075455334,0.0158033362598771,0.00959860383944154,23794
2019-03-31,"El Campo, TX","TX",534,1305,0,0.0046189376443418,0.010061919504644,12266
2019-03-31,"Montrose, CO","CO",535,1294,0.000773395204949729,-0.0277986476333584,-0.024132730015083,13586
2019-03-31,"Ellensburg, WA","WA",536,1581,-0.00628535512256443,-0.0204460966542751,0.0491041804910418,16475
2019-03-31,"Sandpoint, ID","ID",537,1363,0.00368188512518409,0.0310136157337368,0.0956591639871383,18568
2019-03-31,"Alice, TX","TX",538,1109,-0.00627240143369176,0.0072661217075386,0.0202391904323827,5787
2019-03-31,"Celina, OH","OH",539,1133,0.00354295837023915,0.0152329749103943,0.0281306715063521,11559
2019-03-31,"Garden City, KS","KS",540,1126,-0.00265721877767936,-0.00442086648983201,0.0255009107468124,9738
2019-03-31,"Marshalltown, IA","IA",541,856,0.00351699882766706,0.00587544065804935,0.00943396226415094,16327
2019-03-31,"Cullowhee, NC","NC",542,1309,0.00229709035222052,0.0194704049844237,0.0446927374301676,18261
2019-03-31,"Espaola, NM","NM",543,1160,-0.000861326442721792,0,0.012216404886562,1069
2019-03-31,"Tifton, GA","GA",544,1089,-0.00183318056828598,0.0092678405931418,0.035171102661597,8892
2019-03-31,"Urbana, OH","OH",545,1051,0.00286259541984733,0.0243664717348928,0.0680894308943089,12075
2019-03-31,"Okeechobee, FL","FL",546,1327,0.00226586102719033,0.0106626047220107,0.0278853601859024,8171
2019-03-31,"Selinsgrove, PA","PA",547,1167,-0.0176767676767677,-0.0234309623430962,-0.0176767676767677,9457
2019-03-31,"Natchitoches, LA","LA",548,1171,-0.0109797297297297,-0.0209030100334448,-0.0076271186440678,7713
2019-03-31,"Berlin, NH","NH",549,1210,0.0033167495854063,0.0333048676345004,0.0151006711409396,18542
2019-03-31,"Lock Haven, PA","PA",550,940,0.00213219616204691,0.0140237324703344,0.0228509249183896,10497
2019-03-31,"Sikeston, MO","MO",551,818,0.00245098039215686,0.0136307311028501,0.0393900889453621,10000
2019-03-31,"Clewiston, FL","FL",552,1296,0.00232018561484919,0.00699300699300699,0.0285714285714286,6652
2019-03-31,"Logansport, IN","IN",553,770,0.00917431192660551,0.0158311345646438,0.0266666666666667,13207
2019-03-31,"Pontiac, IL","IL",554,1108,0,-0.00449236298292902,-0.0142348754448399,12671
2019-03-31,"Mount Vernon, IL","IL",555,937,-0.00741525423728814,-0.018848167539267,-0.038974358974359,11939
2019-03-31,"Houghton, MI","MI",556,946,0.0031813361611877,0.0172043010752688,0.0689265536723164,18927
2019-03-31,"Gainesville, TX","TX",557,1359,-0.000735294117647059,0.00517751479289941,0.0279878971255673,11534
2019-03-31,"Kill Devil Hills, NC","NC",558,1460,-0.000684462696783025,0.00412654745529574,0.02312543798178,15266
2019-03-31,"Crawfordsville, IN","IN",559,979,-0.00910931174089069,0.00513347022587269,-0.00910931174089069,17423
2019-03-31,"Brownwood, TX","TX",560,948,0.00530222693531283,0.0117395944503735,0.0281995661605206,14036
2019-03-31,"Stephenville, TX","TX",561,1253,-0.00238853503184713,0.00723472668810289,0.0270491803278689,7351
2019-03-31,"Easton, MD","MD",562,1708,-0.000585137507314219,0.0136498516320475,-0.0223239839725243,18806
2019-03-31,"North Platte, NE","NE",563,1087,-0.00639853747714808,0.0216165413533835,0.0206572769953052,10895
2019-03-31,"Newberry, SC","SC",564,980,-0.00101936799184506,0.0134436401240951,0.037037037037037,18414
2019-03-31,"Ada, OK","OK",565,881,0,-0.00113378684807256,0.00113636363636364,11498
2019-03-31,"Moscow, ID","ID",566,1333,-0.00149812734082397,0.0136882129277567,0.0325329202168861,9704
2019-03-31,"Safford, AZ","AZ",567,1240,-0.00161030595813205,0.00813008130081301,0.0820244328097731,7086
2019-03-31,"Murray, KY","KY",568,1001,-0.00398009950248756,0.0111111111111111,-0.00792864222001982,7479
2019-03-31,"Huntington, IN","IN",569,910,0.00441501103752759,0.0178970917225951,0.0388127853881279,13426
2019-03-31,"Mayfield, KY","KY",570,877,0.00228571428571429,0.00804597701149425,0.0477897252090801,2591
2019-03-31,"Escanaba, MI","MI",571,936,0.00106951871657754,0.0173913043478261,0.0746268656716418,23475
2019-03-31,"Astoria, OR","OR",572,1543,-0.000647668393782384,0.00259909031838856,0.000648508430609598,17334
2019-03-31,"Peru, IN","IN",573,783,0.00513478818998716,0.0142487046632124,0.0155642023346304,11563
2019-03-31,"Coshocton, OH","OH",574,870,0.00578034682080925,0.013986013986014,0.0163551401869159,9118
2019-03-31,"Newton, IA","IA",575,1072,0.00186915887850467,0.0161137440758294,0.0199809705042816,12744
2019-03-31,"Fremont, NE","NE",576,1147,-0.00260869565217391,-0.00260869565217391,0.0342651036970243,11206
2019-03-31,"Hutchinson, MN","MN",577,1292,-0.000773395204949729,0.0078003120124805,0.0444624090541633,12623
2019-03-31,"Batesville, AR","AR",578,857,-0.0092485549132948,-0.0160734787600459,0.0190249702734839,8702
2019-03-31,"Owatonna, MN","MN",579,1293,0.000773993808049536,0.017309205350118,0.0410628019323672,14035
2019-03-31,"Vidalia, GA","GA",580,1043,0.000959692898272553,0.00968054211035818,0.0245579567779961,7329
2019-03-31,"Laramie, WY","WY",581,1160,-0.000861326442721792,0.00259291270527226,0.00346020761245675,11218
2019-03-31,"Plainview, TX","TX",582,897,0.00560538116591928,0.00223463687150838,0.00899887514060742,9732
2019-03-31,"Big Spring, TX","TX",583,1050,0.000953288846520496,0.00671140939597316,0.0194174757281553,10231
2019-03-31,"Laurinburg, NC","NC",584,858,0.00350877192982456,0.0177935943060498,0.0437956204379562,6065
2019-03-31,"Dixon, IL","IL",585,1103,-0.0195555555555556,-0.00898472596585804,0.0241411327762303,12282
2019-03-31,"Alexandria, MN","MN",586,1345,0.00148920327624721,0.0105184072126221,0.0410216718266254,13207
2019-03-31,"DeRidder, LA","LA",587,1128,-0.0131233595800525,-0.016564952048823,-0.0105263157894737,8360
2019-03-31,"Lebanon, MO","MO",588,797,-0.0184729064039409,-0.0304136253041363,-0.011166253101737,9541
2019-03-31,"Coffeyville, KS","KS",589,680,0.00591715976331361,0.0225563909774436,0.0493827160493827,12560
2019-03-31,"Seneca Falls, NY","NY",590,1339,0.00299625468164794,0.00450112528132033,0.0307929176289453,9907
2019-03-31,"Sulphur Springs, TX","TX",591,1339,-0.00372023809523809,0.00525525525525526,0.0307929176289453,7981
2019-03-31,"Martin, TN","TN",592,898,0.00223214285714286,0.0251141552511416,0.0589622641509434,12402
2019-03-31,"Susanville, CA","CA",593,1366,0.0118518518518519,0.0387832699619772,0.0663544106167057,9473
2019-03-31,"Arcadia, FL","FL",594,1303,0.00307929176289453,0.00695517774343122,0.0219607843137255,6813
2019-03-31,"Junction City, KS","KS",595,1013,0,-0.017458777885548,-0.0567970204841713,10133
2019-03-31,"Butte, MT","MT",596,961,0.00417972831765935,0.0491266375545851,0.180589680589681,11916
2019-03-31,"Angola, IN","IN",597,1125,-0.00442477876106195,-0.0122914837576822,-0.00088809946714032,13585
2019-03-31,"Dodge City, KS","KS",598,858,0,-0.0171821305841924,-0.0103806228373702,8516
2019-03-31,"Brenham, TX","TX",599,1411,-0.00493653032440056,-0.00141542816702052,0.00785714285714286,8583
2019-03-31,"Emporia, KS","KS",600,760,0,-0.0065359477124183,0.039671682626539,10078
2019-03-31,"Jackson, OH","OH",601,897,0.00447928331466965,0.023972602739726,0.0540540540540541,5698
2019-03-31,"Frankfort, IN","IN",602,853,-0.00582750582750583,0,-0.00233918128654971,12609
2019-03-31,"Taos, NM","NM",603,1265,0.000791139240506329,0.0071656050955414,0.0201612903225806,15309
2019-03-31,"Malvern, AR","AR",604,876,0.00114285714285714,0.0127167630057803,0.045346062052506,8354
2019-03-31,"Troy, AL","AL",605,991,0.00101010101010101,0.00202224469160768,0.0290758047767394,5883
2019-03-31,"Cambridge, MD","MD",606,1331,-0.00150037509377344,0.00833333333333333,0.0366043613707165,20451
2019-03-31,"Vernal, UT","UT",607,897,0.00111607142857143,-0.00222469410456062,0.0393974507531866,9926
2019-03-31,"Kingsville, TX","TX",608,1118,0.000895255147717099,0.0182149362477231,0.0294659300184162,6437
2019-03-31,"Madison, IN","IN",609,934,0.00322234156820623,0.00646551724137931,-0.00849256900212314,9502
2019-03-31,"Hastings, NE","NE",610,1062,-0.00561797752808989,-0.0139275766016713,-0.00747663551401869,8522
2019-03-31,"Albert Lea, MN","MN",611,1020,-0.0106692531522793,-0.0192307692307692,-0.0125847047434656,13504
2019-03-31,"Lincoln, IL","IL",612,968,0.0020703933747412,-0.00103199174406605,0.0157397691500525,8823
2019-03-31,"Jesup, GA","GA",613,1064,0.000940733772342427,0.0114068441064639,0.0431372549019608,6557
2019-03-31,"Alpena, MI","MI",614,882,0.00113507377979569,0.0126291618828932,0.0450236966824645,16712
2019-03-31,"Washington Court House, OH","OH",615,974,0.00205761316872428,0.0124740124740125,0.0103734439834025,8105
2019-03-31,"Van Wert, OH","OH",616,939,0.00427807486631016,0.0217627856365615,0.0479910714285714,9030
2019-03-31,"Ludington, MI","MI",617,1009,-0.00099009900990099,0.000992063492063492,0.0338114754098361,16204
2019-03-31,"Hays, KS","KS",618,1119,-0.00356188780053428,-0.00178412132024978,0.0708133971291866,8852
2019-03-31,"Hailey, ID","ID",619,1507,0.00399733510992672,0.0107310529845741,0.0033288948069241,12128
2019-03-31,"Great Bend, KS","KS",620,726,-0.00411522633744856,-0.0189189189189189,-0.0345744680851064,9750
2019-03-31,"Weatherford, OK","OK",621,921,0.00436205016357688,0,-0.00647249190938511,8686
2019-03-31,"Grants, NM","NM",622,975,-0.00102459016393443,0.0145681581685744,0.0416666666666667,4122
2019-03-31,"Thomaston, GA","GA",623,899,0.00446927374301676,0.0250855188141391,0.0588928150765607,9706
2019-03-31,"Mountain Home, ID","ID",624,1051,0.00190657769304099,0.0233690360272639,0.04995004995005,9863
2019-03-31,"Altus, OK","OK",625,669,-0.0029806259314456,-0.0332369942196532,-0.0682451253481894,9279
2019-03-31,"Boone, IA","IA",626,1057,-0.0121495327102804,-0.00937207122774133,-0.0176579925650558,10089
2019-03-31,"Toccoa, GA","GA",627,1082,0.00464252553389044,0.0236518448438978,0.0681145113524186,8240
2019-03-31,"Ottawa, KS","KS",628,944,-0.00105820105820106,-0.0125523012552301,-0.010482180293501,7426
2019-03-31,"Marshall, MN","MN",629,1184,-0.00504201680672269,0.00680272108843537,0.0395083406496927,8224
2019-03-31,"La Grande, OR","OR",630,1361,-0.00438917337234821,0.0171898355754858,0.0574980574980575,7255
2019-03-31,"Greensburg, IN","IN",631,1015,0.00296442687747036,0.00495049504950495,-0.0087890625,8611
2019-03-31,"Mexico, MO","MO",632,882,-0.0056369785794814,-0.00226244343891403,0.0352112676056338,7951
2019-03-31,"Moberly, MO","MO",633,865,-0.00115473441108545,0.00231749710312862,0.0297619047619048,6908
2019-03-31,"The Dalles, OR","OR",634,1510,0.0019907100199071,0.0300136425648022,0.0626319493314567,8074
2019-03-31,"Deming, NM","NM",635,939,-0.00529661016949152,0.0398671096345515,0.120525059665871,5322
2019-03-31,"Fallon, NV","NV",636,1392,0.00360490266762797,0.0265486725663717,0.0866510538641686,5959
2019-03-31,"Fredericksburg, TX","TX",637,1670,-0.002389486260454,0,0.00119904076738609,5611
2019-03-31,"Campbellsville, KY","KY",638,940,0,0.0318331503841932,0.0597519729425028,7020
2019-03-31,"Connersville, IN","IN",639,747,0.00403225806451613,0.0260989010989011,0.0432960893854749,8461
2019-03-31,"Spearfish, SD","SD",640,1255,-0.01953125,-0.0133647798742138,0.00884244372990354,7568
2019-03-31,"Steamboat Springs, CO","CO",641,1987,0.0148110316649642,0.0226453937210499,-0.0129160457029309,18214
2019-03-31,"Cordele, GA","GA",642,932,0.00647948164146868,0.0219298245614035,0.026431718061674,4925
2019-03-31,"Wahpeton, ND","ND",643,1066,0.0123456790123457,0.0329457364341085,0.0822335025380711,8653
2019-03-31,"Mitchell, SD","SD",644,1034,-0.00957854406130268,-0.0309278350515464,-0.0574293527803099,6256
2019-03-31,"Sterling, CO","CO",645,1286,-0.01906941266209,-0.0227963525835866,-0.0250189537528431,5626
2019-03-31,"Pampa, TX","TX",646,988,0.00101317122593718,-0.00803212851405622,-0.0159362549800797,6170
2019-03-31,"Brookings, OR","OR",647,1531,-0.000652741514360313,0.00591327201051248,0.0233957219251337,8336
2019-03-31,"Hood River, OR","OR",648,1840,0.000543773790103317,0.0087719298245614,0.0430839002267574,7304
2019-03-31,"Beatrice, NE","NE",649,1069,-0.00186741363211951,-0.00372786579683131,0.00659133709981168,6497
2019-03-31,"Elk City, OK","OK",650,849,0,0.00354609929078014,0.00711743772241993,6658
2019-03-31,"Dumas, TX","TX",651,1029,0.0048828125,-0.00290697674418605,0.000972762645914397,5407
2019-03-31,"Worthington, MN","MN",652,1080,-0.00552486187845304,0.0169491525423729,0.0693069306930693,5621
2019-03-31,"Pierre, SD","SD",653,1205,0,0.00333055786844296,-0.0171288743882545,5067
2019-03-31,"Prineville, OR","OR",654,1460,-0.00136798905608755,0.0131852879944483,0.0406272273699216,7355
2019-03-31,"Woodward, OK","OK",655,913,0.0044004400440044,0,-0.0297555791710946,6937
2019-03-31,"Othello, WA","WA",656,1256,0.0048,-0.00158982511923688,0.0161812297734628,3356
2019-03-31,"Los Alamos, NM","NM",657,1441,0.00278357689631176,-0.0027681660899654,0.00558269364968597,7790
2019-03-31,"Atchison, KS","KS",658,843,-0.00118483412322275,-0.00823529411764706,0.0132211538461538,6497
2019-03-31,"Snyder, TX","TX",659,991,0.00202224469160768,0.0050709939148073,-0.00201409869083585,4812
2019-03-31,"Fairfield, IA","IA",660,945,-0.00735294117647059,-0.0237603305785124,-0.050251256281407,4186
2019-03-31,"Winnemucca, NV","NV",661,1359,0.00517751479289941,0.0233433734939759,0.0802861685214626,2498
2019-03-31,"Sweetwater, TX","TX",662,981,0,-0.0010183299389002,0.016580310880829,5346
2019-03-31,"Andrews, TX","TX",663,1255,0.00319744204636291,0.00560897435897436,-0.0248640248640249,3766
2019-03-31,"Craig, CO","CO",664,1404,0.012987012987013,0.0446428571428571,0.129525341914722,4217
2019-03-31,"Pecos, TX","TX",665,998,0.00503524672708963,0.0183673469387755,0.0341968911917098,2374
2019-03-31,"Vernon, TX","TX",666,976,0.00102564102564103,-0.00913705583756345,-0.00204498977505112,4101
